,Fecha,Producto,Cantidad,Precio Unitario,Total Venta,Meses
8,2023-03-22,Ropa,10,50,500,3
29,2023-05-19,Ropa,10,50,500,5
116,2023-07-14,Ropa,10,50,500,7
120,2023-01-18,Ropa,10,50,500,1
121,2023-01-25,Ropa,10,50,500,1
179,2023-10-24,Ropa,10,50,500,10
201,2023-12-13,Ropa,10,50,500,12
269,2023-09-18,Ropa,10,50,500,9
322,2023-07-21,Ropa,10,50,500,7
337,2023-07-26,Ropa,10,50,500,7
403,2023-02-27,Ropa,10,50,500,2
452,2023-08-01,Ropa,10,50,500,8
454,2023-09-18,Ropa,10,50,500,9
477,2023-04-02,Ropa,10,50,500,4
486,2023-06-08,Ropa,10,50,500,6
536,2023-08-30,Ropa,10,50,500,8
566,2023-03-26,Ropa,10,50,500,3
600,2023-08-18,Ropa,10,50,500,8
606,2023-09-10,Ropa,10,50,500,9
620,2023-01-27,Ropa,10,50,500,1
679,2023-06-29,Ropa,10,50,500,6
707,2023-10-11,Ropa,10,50,500,10
718,2023-04-01,Ropa,10,50,500,4
886,2023-11-16,Ropa,10,50,500,11
894,2023-04-05,Ropa,10,50,500,4
996,2023-06-09,Ropa,10,50,500,6
5,2023-03-11,Ropa,9,50,450,3
7,2023-11-08,Ropa,9,50,450,11
70,2023-10-14,Ropa,9,50,450,10
193,2023-07-23,Ropa,9,50,450,7
268,2023-01-09,Ropa,9,50,450,1
408,2023-01-09,Ropa,9,50,450,1
559,2023-06-17,Ropa,9,50,450,6
574,2023-08-25,Ropa,9,50,450,8
593,2023-07-25,Ropa,9,50,450,7
646,2023-09-13,Ropa,9,50,450,9
649,2023-01-05,Ropa,9,50,450,1
677,2023-08-19,Ropa,9,50,450,8
763,2023-11-04,Ropa,9,50,450,11
913,2023-07-16,Ropa,9,50,450,7
955,2023-12-20,Ropa,9,50,450,12
1031,2023-04-23,Ropa,9,50,450,4
101,2023-12-24,Ropa,8,50,400,12
161,2023-10-08,Ropa,8,50,400,10
178,2023-12-27,Ropa,8,50,400,12
210,2023-07-08,Ropa,8,50,400,7
342,2023-03-23,Ropa,8,50,400,3
448,2023-08-12,Ropa,8,50,400,8
470,2023-09-23,Ropa,8,50,400,9
602,2023-03-05,Ropa,8,50,400,3
623,2023-08-28,Ropa,8,50,400,8
657,2023-11-21,Ropa,8,50,400,11
685,2023-02-25,Ropa,8,50,400,2
722,2023-07-31,Ropa,8,50,400,7
740,2023-10-15,Ropa,8,50,400,10
783,2023-08-04,Ropa,8,50,400,8
811,2023-10-19,Ropa,8,50,400,10
814,2023-02-28,Ropa,8,50,400,2
874,2023-09-12,Ropa,8,50,400,9
912,2023-05-30,Ropa,8,50,400,5
965,2023-01-28,Ropa,8,50,400,1
1004,2023-10-26,Ropa,8,50,400,10
1019,2023-04-10,Ropa,8,50,400,4
71,2023-11-07,Ropa,7,50,350,11
91,2023-07-09,Ropa,7,50,350,7
143,2023-04-20,Ropa,7,50,350,4
218,2023-12-01,Ropa,7,50,350,12
246,2023-09-01,Ropa,7,50,350,9
305,2023-08-10,Ropa,7,50,350,8
364,2023-04-03,Ropa,7,50,350,4
368,2023-04-01,Ropa,7,50,350,4
370,2023-01-27,Ropa,7,50,350,1
414,2023-03-06,Ropa,7,50,350,3
556,2023-01-19,Ropa,7,50,350,1
558,2023-04-24,Ropa,7,50,350,4
625,2023-01-26,Ropa,7,50,350,1
696,2023-12-30,Ropa,7,50,350,12
724,2023-12-26,Ropa,7,50,350,12
768,2023-04-13,Ropa,7,50,350,4
773,2023-08-30,Ropa,7,50,350,8
823,2023-03-05,Ropa,7,50,350,3
854,2023-08-25,Ropa,7,50,350,8
884,2023-01-23,Ropa,7,50,350,1
899,2023-02-24,Ropa,7,50,350,2
956,2023-01-08,Ropa,7,50,350,1
33,2023-04-02,Ropa,6,50,300,4
77,2023-12-03,Ropa,6,50,300,12
248,2023-07-12,Ropa,6,50,300,7
249,2023-01-15,Ropa,6,50,300,1
351,2023-08-28,Ropa,6,50,300,8
405,2023-03-13,Ropa,6,50,300,3
432,2023-05-17,Ropa,6,50,300,5
447,2023-12-13,Ropa,6,50,300,12
509,2023-03-30,Ropa,6,50,300,3
690,2023-08-07,Ropa,6,50,300,8
743,2023-11-21,Ropa,6,50,300,11
761,2023-09-25,Ropa,6,50,300,9
791,2023-10-29,Ropa,6,50,300,10
860,2023-01-04,Ropa,6,50,300,1
975,2023-08-24,Ropa,6,50,300,8
986,2023-09-27,Ropa,6,50,300,9
1002,2023-08-30,Ropa,6,50,300,8
1027,2023-10-11,Ropa,6,50,300,10
55,2023-12-23,Ropa,5,50,250,12
92,2023-07-30,Ropa,5,50,250,7
154,2023-12-28,Ropa,5,50,250,12
196,2023-07-31,Ropa,5,50,250,7
281,2023-04-10,Ropa,5,50,250,4
345,2023-12-11,Ropa,5,50,250,12
409,2023-01-04,Ropa,5,50,250,1
410,2023-05-05,Ropa,5,50,250,5
499,2023-08-10,Ropa,5,50,250,8
511,2023-08-08,Ropa,5,50,250,8
605,2023-05-20,Ropa,5,50,250,5
613,2023-07-12,Ropa,5,50,250,7
647,2023-10-04,Ropa,5,50,250,10
669,2023-07-01,Ropa,5,50,250,7
715,2023-07-08,Ropa,5,50,250,7
754,2023-12-20,Ropa,5,50,250,12
844,2023-10-11,Ropa,5,50,250,10
895,2023-01-03,Ropa,5,50,250,1
900,2023-05-14,Ropa,5,50,250,5
928,2023-11-29,Ropa,5,50,250,11
947,2023-06-14,Ropa,5,50,250,6
1022,2023-03-04,Ropa,5,50,250,3
42,2023-10-18,Ropa,4,50,200,10
54,2023-06-01,Ropa,4,50,200,6
254,2023-03-06,Ropa,4,50,200,3
354,2023-06-29,Ropa,4,50,200,6
476,2023-03-01,Ropa,4,50,200,3
491,2023-12-22,Ropa,4,50,200,12
582,2023-03-15,Ropa,4,50,200,3
659,2023-05-03,Ropa,4,50,200,5
662,2023-03-29,Ropa,4,50,200,3
710,2023-04-10,Ropa,4,50,200,4
760,2023-11-09,Ropa,4,50,200,11
850,2023-03-13,Ropa,4,50,200,3
865,2023-08-14,Ropa,4,50,200,8
946,2023-08-14,Ropa,4,50,200,8
991,2023-01-31,Ropa,4,50,200,1
1016,2023-05-20,Ropa,4,50,200,5
1025,2023-11-19,Ropa,4,50,200,11
63,2023-08-24,Ropa,3,50,150,8
104,2023-01-21,Ropa,3,50,150,1
124,2023-10-26,Ropa,3,50,150,10
137,2023-06-29,Ropa,3,50,150,6
141,2023-10-06,Ropa,3,50,150,10
145,2023-01-05,Ropa,3,50,150,1
231,2023-07-08,Ropa,3,50,150,7
261,2023-10-26,Ropa,3,50,150,10
286,2023-02-14,Ropa,3,50,150,2
296,2023-07-21,Ropa,3,50,150,7
524,2023-09-07,Ropa,3,50,150,9
550,2023-03-20,Ropa,3,50,150,3
565,2023-10-08,Ropa,3,50,150,10
585,2023-01-27,Ropa,3,50,150,1
627,2023-09-06,Ropa,3,50,150,9
643,2023-10-08,Ropa,3,50,150,10
653,2023-03-09,Ropa,3,50,150,3
654,2023-06-18,Ropa,3,50,150,6
680,2023-01-19,Ropa,3,50,150,1
744,2023-03-06,Ropa,3,50,150,3
981,2023-08-30,Ropa,3,50,150,8
1037,2023-11-18,Ropa,3,50,150,11
73,2023-07-31,Ropa,2,50,100,7
226,2023-03-06,Ropa,2,50,100,3
317,2023-11-03,Ropa,2,50,100,11
352,2023-01-15,Ropa,2,50,100,1
443,2023-08-08,Ropa,2,50,100,8
460,2023-04-27,Ropa,2,50,100,4
541,2023-10-14,Ropa,2,50,100,10
587,2023-06-18,Ropa,2,50,100,6
709,2023-10-01,Ropa,2,50,100,10
732,2023-11-17,Ropa,2,50,100,11
789,2023-10-31,Ropa,2,50,100,10
845,2023-08-21,Ropa,2,50,100,8
888,2023-10-17,Ropa,2,50,100,10
906,2023-02-13,Ropa,2,50,100,2
1018,2023-12-20,Ropa,2,50,100,12
9,2023-09-29,Ropa,1,50,50,9
149,2023-12-18,Ropa,1,50,50,12
157,2023-01-31,Ropa,1,50,50,1
166,2023-03-17,Ropa,1,50,50,3
186,2023-12-23,Ropa,1,50,50,12
197,2023-03-05,Ropa,1,50,50,3
230,2023-11-09,Ropa,1,50,50,11
243,2023-01-05,Ropa,1,50,50,1
353,2023-05-04,Ropa,1,50,50,5
360,2023-09-04,Ropa,1,50,50,9
369,2023-06-30,Ropa,1,50,50,6
399,2023-03-09,Ropa,1,50,50,3
599,2023-10-13,Ropa,1,50,50,10
614,2023-11-20,Ropa,1,50,50,11
628,2023-07-29,Ropa,1,50,50,7
635,2023-04-20,Ropa,1,50,50,4
656,2023-07-19,Ropa,1,50,50,7
720,2023-10-06,Ropa,1,50,50,10
861,2023-08-14,Ropa,1,50,50,8
934,2023-07-19,Ropa,1,50,50,7
17,2023-05-19,Libros,10,20,200,5
65,2023-07-26,Libros,10,20,200,7
100,2023-01-02,Libros,10,20,200,1
135,2023-06-24,Libros,10,20,200,6
240,2023-04-24,Libros,10,20,200,4
290,2023-05-22,Libros,10,20,200,5
444,2023-05-27,Libros,10,20,200,5
495,2023-02-10,Libros,10,20,200,2
527,2023-03-24,Libros,10,20,200,3
586,2023-06-15,Libros,10,20,200,6
609,2023-12-12,Libros,10,20,200,12
622,2023-12-19,Libros,10,20,200,12
691,2023-12-05,Libros,10,20,200,12
705,2023-12-16,Libros,10,20,200,12
758,2023-08-19,Libros,10,20,200,8
780,2023-05-17,Libros,10,20,200,5
893,2023-02-13,Libros,10,20,200,2
28,2023-01-17,Libros,9,20,180,1
118,2023-05-25,Libros,9,20,180,5
224,2023-09-07,Libros,9,20,180,9
315,2023-08-20,Libros,9,20,180,8
330,2023-03-29,Libros,9,20,180,3
336,2023-11-13,Libros,9,20,180,11
377,2023-08-10,Libros,9,20,180,8
468,2023-01-15,Libros,9,20,180,1
771,2023-04-10,Libros,9,20,180,4
788,2023-04-13,Libros,9,20,180,4
818,2023-03-13,Libros,9,20,180,3
887,2023-09-20,Libros,9,20,180,9
939,2023-05-11,Libros,9,20,180,5
952,2023-12-17,Libros,9,20,180,12
960,2023-08-06,Libros,9,20,180,8
978,2023-06-07,Libros,9,20,180,6
1029,2023-03-06,Libros,9,20,180,3
1035,2023-02-26,Libros,9,20,180,2
57,2023-09-28,Libros,8,20,160,9
68,2023-08-18,Libros,8,20,160,8
74,2023-06-28,Libros,8,20,160,6
125,2023-04-14,Libros,8,20,160,4
170,2023-05-19,Libros,8,20,160,5
182,2023-09-23,Libros,8,20,160,9
190,2023-11-26,Libros,8,20,160,11
238,2023-06-02,Libros,8,20,160,6
253,2023-11-21,Libros,8,20,160,11
275,2023-08-09,Libros,8,20,160,8
339,2023-01-11,Libros,8,20,160,1
349,2023-12-24,Libros,8,20,160,12
561,2023-03-29,Libros,8,20,160,3
645,2023-05-01,Libros,8,20,160,5
717,2023-01-01,Libros,8,20,160,1
759,2023-04-04,Libros,8,20,160,4
871,2023-08-31,Libros,8,20,160,8
896,2023-12-31,Libros,8,20,160,12
936,2023-09-28,Libros,8,20,160,9
963,2023-02-25,Libros,8,20,160,2
967,2023-08-23,Libros,8,20,160,8
1038,2023-06-20,Libros,8,20,160,6
50,2023-03-18,Libros,7,20,140,3
300,2023-06-27,Libros,7,20,140,6
303,2023-10-06,Libros,7,20,140,10
341,2023-03-25,Libros,7,20,140,3
380,2023-01-19,Libros,7,20,140,1
392,2023-09-27,Libros,7,20,140,9
396,2023-11-26,Libros,7,20,140,11
411,2023-04-22,Libros,7,20,140,4
487,2023-03-01,Libros,7,20,140,3
535,2023-02-18,Libros,7,20,140,2
615,2023-08-10,Libros,7,20,140,8
745,2023-07-12,Libros,7,20,140,7
762,2023-04-26,Libros,7,20,140,4
984,2023-01-24,Libros,7,20,140,1
988,2023-05-06,Libros,7,20,140,5
1024,2023-05-22,Libros,7,20,140,5
36,2023-02-17,Libros,6,20,120,2
222,2023-01-02,Libros,6,20,120,1
234,2023-11-05,Libros,6,20,120,11
355,2023-04-29,Libros,6,20,120,4
394,2023-06-28,Libros,6,20,120,6
400,2023-07-10,Libros,6,20,120,7
404,2023-11-26,Libros,6,20,120,11
435,2023-03-26,Libros,6,20,120,3
466,2023-10-01,Libros,6,20,120,10
475,2023-11-02,Libros,6,20,120,11
490,2023-08-28,Libros,6,20,120,8
571,2023-03-28,Libros,6,20,120,3
626,2023-03-05,Libros,6,20,120,3
772,2023-10-09,Libros,6,20,120,10
782,2023-10-29,Libros,6,20,120,10
813,2023-08-24,Libros,6,20,120,8
908,2023-03-18,Libros,6,20,120,3
980,2023-08-10,Libros,6,20,120,8
1044,2023-10-10,Libros,6,20,120,10
62,2023-11-08,Libros,5,20,100,11
82,2023-12-18,Libros,5,20,100,12
93,2023-10-19,Libros,5,20,100,10
241,2023-09-04,Libros,5,20,100,9
259,2023-03-30,Libros,5,20,100,3
324,2023-12-20,Libros,5,20,100,12
401,2023-05-14,Libros,5,20,100,5
402,2023-08-30,Libros,5,20,100,8
446,2023-11-09,Libros,5,20,100,11
560,2023-07-22,Libros,5,20,100,7
567,2023-09-07,Libros,5,20,100,9
577,2023-04-05,Libros,5,20,100,4
665,2023-10-01,Libros,5,20,100,10
681,2023-11-04,Libros,5,20,100,11
822,2023-08-26,Libros,5,20,100,8
847,2023-07-20,Libros,5,20,100,7
882,2023-03-22,Libros,5,20,100,3
905,2023-07-16,Libros,5,20,100,7
914,2023-07-03,Libros,5,20,100,7
942,2023-09-05,Libros,5,20,100,9
982,2023-01-23,Libros,5,20,100,1
985,2023-12-02,Libros,5,20,100,12
15,2023-12-05,Libros,4,20,80,12
48,2023-01-07,Libros,4,20,80,1
53,2023-08-20,Libros,4,20,80,8
59,2023-02-14,Libros,4,20,80,2
138,2023-02-24,Libros,4,20,80,2
236,2023-08-17,Libros,4,20,80,8
272,2023-10-29,Libros,4,20,80,10
280,2023-12-27,Libros,4,20,80,12
420,2023-10-26,Libros,4,20,80,10
638,2023-12-05,Libros,4,20,80,12
648,2023-07-29,Libros,4,20,80,7
651,2023-07-09,Libros,4,20,80,7
670,2023-03-28,Libros,4,20,80,3
700,2023-10-04,Libros,4,20,80,10
714,2023-05-09,Libros,4,20,80,5
810,2023-02-08,Libros,4,20,80,2
812,2023-09-10,Libros,4,20,80,9
842,2023-05-01,Libros,4,20,80,5
868,2023-03-30,Libros,4,20,80,3
904,2023-06-29,Libros,4,20,80,6
23,2023-07-27,Libros,3,20,60,7
34,2023-08-21,Libros,3,20,60,8
67,2023-10-18,Libros,3,20,60,10
119,2023-09-15,Libros,3,20,60,9
134,2023-11-27,Libros,3,20,60,11
208,2023-08-01,Libros,3,20,60,8
212,2023-02-11,Libros,3,20,60,2
260,2023-10-23,Libros,3,20,60,10
398,2023-06-04,Libros,3,20,60,6
484,2023-09-05,Libros,3,20,60,9
508,2023-01-12,Libros,3,20,60,1
522,2023-09-10,Libros,3,20,60,9
539,2023-09-22,Libros,3,20,60,9
596,2023-02-19,Libros,3,20,60,2
692,2023-09-08,Libros,3,20,60,9
742,2023-02-14,Libros,3,20,60,2
831,2023-02-19,Libros,3,20,60,2
879,2023-03-03,Libros,3,20,60,3
950,2023-06-08,Libros,3,20,60,6
958,2023-05-26,Libros,3,20,60,5
1039,2023-06-06,Libros,3,20,60,6
103,2023-08-12,Libros,2,20,40,8
172,2023-06-09,Libros,2,20,40,6
173,2023-01-07,Libros,2,20,40,1
265,2023-05-01,Libros,2,20,40,5
267,2023-08-22,Libros,2,20,40,8
270,2023-07-28,Libros,2,20,40,7
424,2023-10-21,Libros,2,20,40,10
588,2023-01-07,Libros,2,20,40,1
612,2023-01-14,Libros,2,20,40,1
641,2023-06-17,Libros,2,20,40,6
660,2023-03-02,Libros,2,20,40,3
683,2023-05-29,Libros,2,20,40,5
695,2023-02-04,Libros,2,20,40,2
697,2023-06-28,Libros,2,20,40,6
889,2023-07-21,Libros,2,20,40,7
919,2023-04-14,Libros,2,20,40,4
26,2023-12-10,Libros,1,20,20,12
27,2023-07-23,Libros,1,20,20,7
111,2023-05-22,Libros,1,20,20,5
113,2023-06-03,Libros,1,20,20,6
174,2023-10-04,Libros,1,20,20,10
214,2023-01-06,Libros,1,20,20,1
258,2023-01-27,Libros,1,20,20,1
312,2023-04-08,Libros,1,20,20,4
326,2023-01-06,Libros,1,20,20,1
388,2023-11-12,Libros,1,20,20,11
557,2023-07-08,Libros,1,20,20,7
595,2023-02-01,Libros,1,20,20,2
668,2023-01-25,Libros,1,20,20,1
673,2023-02-28,Libros,1,20,20,2
675,2023-11-15,Libros,1,20,20,11
704,2023-02-19,Libros,1,20,20,2
790,2023-09-13,Libros,1,20,20,9
804,2023-01-16,Libros,1,20,20,1
909,2023-02-28,Libros,1,20,20,2
910,2023-04-07,Libros,1,20,20,4
948,2023-10-14,Libros,1,20,20,10
992,2023-03-22,Libros,1,20,20,3
1007,2023-02-09,Libros,1,20,20,2
14,2023-01-19,Juguetes,10,30,300,1
176,2023-10-02,Juguetes,10,30,300,10
189,2023-06-27,Juguetes,10,30,300,6
251,2023-10-24,Juguetes,10,30,300,10
288,2023-08-05,Juguetes,10,30,300,8
332,2023-04-23,Juguetes,10,30,300,4
357,2023-01-30,Juguetes,10,30,300,1
500,2023-05-15,Juguetes,10,30,300,5
529,2023-11-08,Juguetes,10,30,300,11
607,2023-03-12,Juguetes,10,30,300,3
661,2023-03-21,Juguetes,10,30,300,3
730,2023-02-09,Juguetes,10,30,300,2
733,2023-10-22,Juguetes,10,30,300,10
756,2023-04-20,Juguetes,10,30,300,4
777,2023-08-29,Juguetes,10,30,300,8
779,2023-10-16,Juguetes,10,30,300,10
838,2023-10-26,Juguetes,10,30,300,10
877,2023-03-02,Juguetes,10,30,300,3
1045,2023-09-11,Juguetes,10,30,300,9
1046,2023-01-03,Juguetes,10,30,300,1
64,2023-10-17,Juguetes,9,30,270,10
148,2023-08-09,Juguetes,9,30,270,8
168,2023-11-21,Juguetes,9,30,270,11
255,2023-04-08,Juguetes,9,30,270,4
256,2023-04-19,Juguetes,9,30,270,4
264,2023-12-19,Juguetes,9,30,270,12
346,2023-02-01,Juguetes,9,30,270,2
412,2023-04-02,Juguetes,9,30,270,4
449,2023-03-22,Juguetes,9,30,270,3
463,2023-10-23,Juguetes,9,30,270,10
465,2023-10-31,Juguetes,9,30,270,10
569,2023-01-12,Juguetes,9,30,270,1
601,2023-09-19,Juguetes,9,30,270,9
616,2023-04-20,Juguetes,9,30,270,4
684,2023-08-14,Juguetes,9,30,270,8
770,2023-06-09,Juguetes,9,30,270,6
787,2023-03-10,Juguetes,9,30,270,3
841,2023-04-14,Juguetes,9,30,270,4
924,2023-12-29,Juguetes,9,30,270,12
970,2023-05-06,Juguetes,9,30,270,5
30,2023-05-09,Juguetes,8,30,240,5
31,2023-02-21,Juguetes,8,30,240,2
45,2023-11-20,Juguetes,8,30,240,11
221,2023-05-14,Juguetes,8,30,240,5
273,2023-11-04,Juguetes,8,30,240,11
365,2023-12-13,Juguetes,8,30,240,12
371,2023-11-26,Juguetes,8,30,240,11
413,2023-04-17,Juguetes,8,30,240,4
418,2023-04-09,Juguetes,8,30,240,4
451,2023-03-28,Juguetes,8,30,240,3
458,2023-07-17,Juguetes,8,30,240,7
526,2023-04-20,Juguetes,8,30,240,4
564,2023-06-04,Juguetes,8,30,240,6
604,2023-06-05,Juguetes,8,30,240,6
667,2023-06-12,Juguetes,8,30,240,6
725,2023-01-27,Juguetes,8,30,240,1
726,2023-01-03,Juguetes,8,30,240,1
1042,2023-11-18,Juguetes,8,30,240,11
1043,2023-01-17,Juguetes,8,30,240,1
94,2023-11-09,Juguetes,7,30,210,11
127,2023-12-15,Juguetes,7,30,210,12
146,2023-05-29,Juguetes,7,30,210,5
187,2023-12-12,Juguetes,7,30,210,12
192,2023-05-17,Juguetes,7,30,210,5
299,2023-07-30,Juguetes,7,30,210,7
333,2023-07-25,Juguetes,7,30,210,7
415,2023-09-26,Juguetes,7,30,210,9
471,2023-03-07,Juguetes,7,30,210,3
474,2023-10-26,Juguetes,7,30,210,10
551,2023-07-20,Juguetes,7,30,210,7
636,2023-03-14,Juguetes,7,30,210,3
764,2023-11-22,Juguetes,7,30,210,11
821,2023-11-28,Juguetes,7,30,210,11
824,2023-03-12,Juguetes,7,30,210,3
834,2023-10-11,Juguetes,7,30,210,10
849,2023-08-29,Juguetes,7,30,210,8
915,2023-03-26,Juguetes,7,30,210,3
926,2023-06-09,Juguetes,7,30,210,6
930,2023-03-27,Juguetes,7,30,210,3
1023,2023-11-12,Juguetes,7,30,210,11
25,2023-09-11,Juguetes,6,30,180,9
52,2023-05-17,Juguetes,6,30,180,5
60,2023-08-12,Juguetes,6,30,180,8
61,2023-10-09,Juguetes,6,30,180,10
76,2023-09-15,Juguetes,6,30,180,9
287,2023-12-02,Juguetes,6,30,180,12
301,2023-12-14,Juguetes,6,30,180,12
438,2023-08-24,Juguetes,6,30,180,8
483,2023-03-24,Juguetes,6,30,180,3
492,2023-12-14,Juguetes,6,30,180,12
507,2023-12-07,Juguetes,6,30,180,12
545,2023-06-05,Juguetes,6,30,180,6
644,2023-01-19,Juguetes,6,30,180,1
687,2023-10-08,Juguetes,6,30,180,10
833,2023-08-03,Juguetes,6,30,180,8
880,2023-03-20,Juguetes,6,30,180,3
943,2023-04-07,Juguetes,6,30,180,4
1014,2023-10-02,Juguetes,6,30,180,10
114,2023-09-02,Juguetes,5,30,150,9
156,2023-07-08,Juguetes,5,30,150,7
167,2023-01-10,Juguetes,5,30,150,1
183,2023-05-28,Juguetes,5,30,150,5
263,2023-04-04,Juguetes,5,30,150,4
343,2023-05-18,Juguetes,5,30,150,5
395,2023-12-09,Juguetes,5,30,150,12
523,2023-06-04,Juguetes,5,30,150,6
618,2023-04-16,Juguetes,5,30,150,4
694,2023-04-17,Juguetes,5,30,150,4
729,2023-03-26,Juguetes,5,30,150,3
749,2023-09-20,Juguetes,5,30,150,9
796,2023-01-12,Juguetes,5,30,150,1
828,2023-02-11,Juguetes,5,30,150,2
851,2023-05-16,Juguetes,5,30,150,5
856,2023-04-07,Juguetes,5,30,150,4
927,2023-10-07,Juguetes,5,30,150,10
940,2023-08-12,Juguetes,5,30,150,8
951,2023-07-10,Juguetes,5,30,150,7
983,2023-06-15,Juguetes,5,30,150,6
1020,2023-05-19,Juguetes,5,30,150,5
1033,2023-01-20,Juguetes,5,30,150,1
6,2023-11-03,Juguetes,4,30,120,11
40,2023-06-01,Juguetes,4,30,120,6
81,2023-07-02,Juguetes,4,30,120,7
160,2023-10-05,Juguetes,4,30,120,10
233,2023-07-05,Juguetes,4,30,120,7
276,2023-09-19,Juguetes,4,30,120,9
340,2023-12-20,Juguetes,4,30,120,12
436,2023-05-18,Juguetes,4,30,120,5
579,2023-08-07,Juguetes,4,30,120,8
630,2023-06-08,Juguetes,4,30,120,6
663,2023-09-13,Juguetes,4,30,120,9
699,2023-04-11,Juguetes,4,30,120,4
739,2023-11-05,Juguetes,4,30,120,11
752,2023-05-24,Juguetes,4,30,120,5
797,2023-04-11,Juguetes,4,30,120,4
832,2023-07-22,Juguetes,4,30,120,7
903,2023-01-07,Juguetes,4,30,120,1
968,2023-09-24,Juguetes,4,30,120,9
994,2023-10-29,Juguetes,4,30,120,10
1028,2023-12-09,Juguetes,4,30,120,12
2,2023-07-29,Juguetes,3,30,90,7
11,2023-01-25,Juguetes,3,30,90,1
98,2023-05-20,Juguetes,3,30,90,5
128,2023-09-14,Juguetes,3,30,90,9
136,2023-03-05,Juguetes,3,30,90,3
191,2023-06-22,Juguetes,3,30,90,6
216,2023-07-12,Juguetes,3,30,90,7
228,2023-09-20,Juguetes,3,30,90,9
278,2023-03-19,Juguetes,3,30,90,3
327,2023-07-02,Juguetes,3,30,90,7
390,2023-11-29,Juguetes,3,30,90,11
459,2023-05-01,Juguetes,3,30,90,5
461,2023-06-30,Juguetes,3,30,90,6
469,2023-09-29,Juguetes,3,30,90,9
501,2023-09-06,Juguetes,3,30,90,9
639,2023-04-20,Juguetes,3,30,90,4
672,2023-07-15,Juguetes,3,30,90,7
735,2023-11-03,Juguetes,3,30,90,11
798,2023-04-12,Juguetes,3,30,90,4
803,2023-01-18,Juguetes,3,30,90,1
809,2023-08-03,Juguetes,3,30,90,8
837,2023-10-04,Juguetes,3,30,90,10
855,2023-06-30,Juguetes,3,30,90,6
873,2023-01-27,Juguetes,3,30,90,1
944,2023-04-20,Juguetes,3,30,90,4
1012,2023-08-22,Juguetes,3,30,90,8
1049,2023-07-21,Juguetes,3,30,90,7
39,2023-03-20,Juguetes,2,30,60,3
72,2023-03-06,Juguetes,2,30,60,3
109,2023-08-09,Juguetes,2,30,60,8
131,2023-07-27,Juguetes,2,30,60,7
140,2023-10-04,Juguetes,2,30,60,10
162,2023-07-13,Juguetes,2,30,60,7
213,2023-11-19,Juguetes,2,30,60,11
331,2023-10-29,Juguetes,2,30,60,10
387,2023-12-20,Juguetes,2,30,60,12
580,2023-04-05,Juguetes,2,30,60,4
584,2023-10-18,Juguetes,2,30,60,10
775,2023-07-29,Juguetes,2,30,60,7
881,2023-02-06,Juguetes,2,30,60,2
925,2023-07-08,Juguetes,2,30,60,7
987,2023-08-26,Juguetes,2,30,60,8
1005,2023-12-01,Juguetes,2,30,60,12
22,2023-02-10,Juguetes,1,30,30,2
35,2023-09-12,Juguetes,1,30,30,9
85,2023-08-25,Juguetes,1,30,30,8
86,2023-08-11,Juguetes,1,30,30,8
102,2023-02-24,Juguetes,1,30,30,2
106,2023-07-30,Juguetes,1,30,30,7
129,2023-10-12,Juguetes,1,30,30,10
147,2023-08-08,Juguetes,1,30,30,8
169,2023-12-14,Juguetes,1,30,30,12
198,2023-10-26,Juguetes,1,30,30,10
250,2023-12-06,Juguetes,1,30,30,12
262,2023-03-11,Juguetes,1,30,30,3
383,2023-10-12,Juguetes,1,30,30,10
442,2023-04-20,Juguetes,1,30,30,4
519,2023-09-05,Juguetes,1,30,30,9
610,2023-10-07,Juguetes,1,30,30,10
688,2023-11-25,Juguetes,1,30,30,11
708,2023-10-22,Juguetes,1,30,30,10
774,2023-06-23,Juguetes,1,30,30,6
784,2023-01-28,Juguetes,1,30,30,1
786,2023-06-27,Juguetes,1,30,30,6
852,2023-06-15,Juguetes,1,30,30,6
1036,2023-07-30,Juguetes,1,30,30,7
21,2023-05-01,Electrónic,10,200,2000,5
41,2023-11-19,Electrónic,10,200,2000,11
47,2023-08-08,Electrónic,10,200,2000,8
66,2023-08-13,Electrónic,10,200,2000,8
87,2023-01-30,Electrónic,10,200,2000,1
200,2023-01-26,Electrónic,10,200,2000,1
202,2023-01-19,Electrónic,10,200,2000,1
318,2023-05-27,Electrónic,10,200,2000,5
348,2023-02-09,Electrónic,10,200,2000,2
359,2023-02-01,Electrónic,10,200,2000,2
417,2023-02-03,Electrónic,10,200,2000,2
433,2023-08-22,Electrónic,10,200,2000,8
456,2023-08-14,Electrónic,10,200,2000,8
517,2023-10-19,Electrónic,10,200,2000,10
530,2023-10-21,Electrónic,10,200,2000,10
547,2023-06-25,Electrónic,10,200,2000,6
553,2023-01-08,Electrónic,10,200,2000,1
583,2023-01-12,Electrónic,10,200,2000,1
976,2023-04-09,Electrónic,10,200,2000,4
19,2023-06-18,Electrónic,9,200,1800,6
95,2023-11-13,Electrónic,9,200,1800,11
107,2023-07-20,Electrónic,9,200,1800,7
237,2023-12-06,Electrónic,9,200,1800,12
334,2023-12-05,Electrónic,9,200,1800,12
379,2023-07-16,Electrónic,9,200,1800,7
391,2023-09-30,Electrónic,9,200,1800,9
462,2023-06-19,Electrónic,9,200,1800,6
473,2023-05-08,Electrónic,9,200,1800,5
482,2023-06-27,Electrónic,9,200,1800,6
531,2023-09-19,Electrónic,9,200,1800,9
570,2023-12-15,Electrónic,9,200,1800,12
741,2023-01-03,Electrónic,9,200,1800,1
751,2023-10-01,Electrónic,9,200,1800,10
769,2023-03-15,Electrónic,9,200,1800,3
835,2023-02-21,Electrónic,9,200,1800,2
840,2023-11-03,Electrónic,9,200,1800,11
866,2023-05-14,Electrónic,9,200,1800,5
923,2023-11-20,Electrónic,9,200,1800,11
961,2023-02-28,Electrónic,9,200,1800,2
1041,2023-08-07,Electrónic,9,200,1800,8
1,2023-09-01,Electrónic,8,200,1600,9
38,2023-06-28,Electrónic,8,200,1600,6
96,2023-07-14,Electrónic,8,200,1600,7
205,2023-08-19,Electrónic,8,200,1600,8
245,2023-08-09,Electrónic,8,200,1600,8
297,2023-09-27,Electrónic,8,200,1600,9
338,2023-08-29,Electrónic,8,200,1600,8
480,2023-05-14,Electrónic,8,200,1600,5
548,2023-12-31,Electrónic,8,200,1600,12
549,2023-12-08,Electrónic,8,200,1600,12
589,2023-10-07,Electrónic,8,200,1600,10
617,2023-01-10,Electrónic,8,200,1600,1
658,2023-08-22,Electrónic,8,200,1600,8
671,2023-06-21,Electrónic,8,200,1600,6
721,2023-12-27,Electrónic,8,200,1600,12
802,2023-08-08,Electrónic,8,200,1600,8
869,2023-01-24,Electrónic,8,200,1600,1
962,2023-02-14,Electrónic,8,200,1600,2
971,2023-05-07,Electrónic,8,200,1600,5
0,2023-01-17,Electrónic,7,200,1400,1
90,2023-04-26,Electrónic,7,200,1400,4
122,2023-09-07,Electrónic,7,200,1400,9
142,2023-06-24,Electrónic,7,200,1400,6
155,2023-11-05,Electrónic,7,200,1400,11
257,2023-04-30,Electrónic,7,200,1400,4
271,2023-07-26,Electrónic,7,200,1400,7
282,2023-06-30,Electrónic,7,200,1400,6
283,2023-01-31,Electrónic,7,200,1400,1
293,2023-07-20,Electrónic,7,200,1400,7
298,2023-08-24,Electrónic,7,200,1400,8
307,2023-09-03,Electrónic,7,200,1400,9
329,2023-05-11,Electrónic,7,200,1400,5
376,2023-04-21,Electrónic,7,200,1400,4
385,2023-05-13,Electrónic,7,200,1400,5
386,2023-09-11,Electrónic,7,200,1400,9
397,2023-10-08,Electrónic,7,200,1400,10
428,2023-05-19,Electrónic,7,200,1400,5
494,2023-04-25,Electrónic,7,200,1400,4
506,2023-12-09,Electrónic,7,200,1400,12
538,2023-06-11,Electrónic,7,200,1400,6
572,2023-06-21,Electrónic,7,200,1400,6
591,2023-03-09,Electrónic,7,200,1400,3
781,2023-01-25,Electrónic,7,200,1400,1
801,2023-09-11,Electrónic,7,200,1400,9
807,2023-01-12,Electrónic,7,200,1400,1
885,2023-02-17,Electrónic,7,200,1400,2
945,2023-06-22,Electrónic,7,200,1400,6
4,2023-02-28,Electrónic,6,200,1200,2
69,2023-09-17,Electrónic,6,200,1200,9
83,2023-08-06,Electrónic,6,200,1200,8
88,2023-06-05,Electrónic,6,200,1200,6
132,2023-05-25,Electrónic,6,200,1200,5
133,2023-10-03,Electrónic,6,200,1200,10
164,2023-03-19,Electrónic,6,200,1200,3
220,2023-12-02,Electrónic,6,200,1200,12
225,2023-08-03,Electrónic,6,200,1200,8
292,2023-09-28,Electrónic,6,200,1200,9
311,2023-07-27,Electrónic,6,200,1200,7
323,2023-08-29,Electrónic,6,200,1200,8
423,2023-05-08,Electrónic,6,200,1200,5
489,2023-12-17,Electrónic,6,200,1200,12
514,2023-05-14,Electrónic,6,200,1200,5
552,2023-02-28,Electrónic,6,200,1200,2
581,2023-02-05,Electrónic,6,200,1200,2
738,2023-12-21,Electrónic,6,200,1200,12
872,2023-07-15,Electrónic,6,200,1200,7
935,2023-12-26,Electrónic,6,200,1200,12
998,2023-03-28,Electrónic,6,200,1200,3
1009,2023-05-03,Electrónic,6,200,1200,5
1032,2023-05-26,Electrónic,6,200,1200,5
1048,2023-08-20,Electrónic,6,200,1200,8
78,2023-06-15,Electrónic,5,200,1000,6
97,2023-01-02,Electrónic,5,200,1000,1
112,2023-07-22,Electrónic,5,200,1000,7
215,2023-05-30,Electrónic,5,200,1000,5
219,2023-04-21,Electrónic,5,200,1000,4
239,2023-02-28,Electrónic,5,200,1000,2
306,2023-09-22,Electrónic,5,200,1000,9
308,2023-05-04,Electrónic,5,200,1000,5
518,2023-08-11,Electrónic,5,200,1000,8
534,2023-01-24,Electrónic,5,200,1000,1
542,2023-05-03,Electrónic,5,200,1000,5
546,2023-11-20,Electrónic,5,200,1000,11
555,2023-05-25,Electrónic,5,200,1000,5
597,2023-07-10,Electrónic,5,200,1000,7
598,2023-05-15,Electrónic,5,200,1000,5
682,2023-05-12,Electrónic,5,200,1000,5
766,2023-08-23,Electrónic,5,200,1000,8
808,2023-12-16,Electrónic,5,200,1000,12
902,2023-01-11,Electrónic,5,200,1000,1
917,2023-12-03,Electrónic,5,200,1000,12
1000,2023-08-25,Electrónic,5,200,1000,8
1010,2023-11-30,Electrónic,5,200,1000,11
37,2023-11-19,Electrónic,4,200,800,11
75,2023-01-12,Electrónic,4,200,800,1
79,2023-12-09,Electrónic,4,200,800,12
123,2023-02-07,Electrónic,4,200,800,2
171,2023-02-26,Electrónic,4,200,800,2
180,2023-01-22,Electrónic,4,200,800,1
217,2023-06-26,Electrónic,4,200,800,6
244,2023-03-01,Electrónic,4,200,800,3
266,2023-12-23,Electrónic,4,200,800,12
325,2023-02-19,Electrónic,4,200,800,2
384,2023-08-05,Electrónic,4,200,800,8
431,2023-08-01,Electrónic,4,200,800,8
478,2023-01-23,Electrónic,4,200,800,1
576,2023-12-21,Electrónic,4,200,800,12
611,2023-01-27,Electrónic,4,200,800,1
640,2023-02-17,Electrónic,4,200,800,2
817,2023-12-30,Electrónic,4,200,800,12
830,2023-10-21,Electrónic,4,200,800,10
853,2023-10-09,Electrónic,4,200,800,10
883,2023-11-08,Electrónic,4,200,800,11
933,2023-03-04,Electrónic,4,200,800,3
966,2023-01-27,Electrónic,4,200,800,1
999,2023-03-07,Electrónic,4,200,800,3
1006,2023-05-16,Electrónic,4,200,800,5
1021,2023-02-03,Electrónic,4,200,800,2
139,2023-01-30,Electrónic,3,200,600,1
153,2023-10-17,Electrónic,3,200,600,10
194,2023-08-29,Electrónic,3,200,600,8
203,2023-07-09,Electrónic,3,200,600,7
223,2023-04-27,Electrónic,3,200,600,4
227,2023-07-04,Electrónic,3,200,600,7
407,2023-05-18,Electrónic,3,200,600,5
425,2023-03-21,Electrónic,3,200,600,3
426,2023-12-30,Electrónic,3,200,600,12
430,2023-07-20,Electrónic,3,200,600,7
457,2023-09-27,Electrónic,3,200,600,9
488,2023-04-26,Electrónic,3,200,600,4
515,2023-05-21,Electrónic,3,200,600,5
573,2023-07-02,Electrónic,3,200,600,7
621,2023-05-08,Electrónic,3,200,600,5
631,2023-09-17,Electrónic,3,200,600,9
686,2023-04-19,Electrónic,3,200,600,4
750,2023-10-09,Electrónic,3,200,600,10
848,2023-06-23,Electrónic,3,200,600,6
870,2023-09-11,Electrónic,3,200,600,9
898,2023-03-29,Electrónic,3,200,600,3
929,2023-03-23,Electrónic,3,200,600,3
1015,2023-01-25,Electrónic,3,200,600,1
51,2023-06-07,Electrónic,2,200,400,6
144,2023-03-10,Electrónic,2,200,400,3
207,2023-08-19,Electrónic,2,200,400,8
211,2023-08-27,Electrónic,2,200,400,8
295,2023-05-08,Electrónic,2,200,400,5
344,2023-08-02,Electrónic,2,200,400,8
439,2023-12-12,Electrónic,2,200,400,12
467,2023-02-26,Electrónic,2,200,400,2
479,2023-02-18,Electrónic,2,200,400,2
493,2023-10-05,Electrónic,2,200,400,10
513,2023-01-25,Electrónic,2,200,400,1
532,2023-09-12,Electrónic,2,200,400,9
533,2023-08-29,Electrónic,2,200,400,8
578,2023-04-04,Electrónic,2,200,400,4
634,2023-04-25,Electrónic,2,200,400,4
642,2023-07-04,Electrónic,2,200,400,7
731,2023-05-14,Electrónic,2,200,400,5
737,2023-07-15,Electrónic,2,200,400,7
767,2023-04-30,Electrónic,2,200,400,4
864,2023-01-08,Electrónic,2,200,400,1
937,2023-12-13,Electrónic,2,200,400,12
949,2023-02-09,Electrónic,2,200,400,2
977,2023-01-05,Electrónic,2,200,400,1
1008,2023-01-09,Electrónic,2,200,400,1
49,2023-12-05,Electrónic,1,200,200,12
89,2023-06-12,Electrónic,1,200,200,6
232,2023-09-14,Electrónic,1,200,200,9
294,2023-03-16,Electrónic,1,200,200,3
367,2023-07-01,Electrónic,1,200,200,7
382,2023-08-02,Electrónic,1,200,200,8
503,2023-03-30,Electrónic,1,200,200,3
504,2023-05-14,Electrónic,1,200,200,5
510,2023-12-25,Electrónic,1,200,200,12
537,2023-09-24,Electrónic,1,200,200,9
543,2023-09-20,Electrónic,1,200,200,9
544,2023-03-08,Electrónic,1,200,200,3
562,2023-02-26,Electrónic,1,200,200,2
563,2023-02-16,Electrónic,1,200,200,2
603,2023-09-04,Electrónic,1,200,200,9
664,2023-05-06,Electrónic,1,200,200,5
712,2023-08-15,Electrónic,1,200,200,8
805,2023-10-05,Electrónic,1,200,200,10
931,2023-03-23,Electrónic,1,200,200,3
959,2023-02-09,Electrónic,1,200,200,2
1011,2023-10-26,Electrónic,1,200,200,10
1013,2023-06-05,Electrónic,1,200,200,6
84,2023-06-15,Alimentos,10,10,100,6
115,2023-08-12,Alimentos,10,10,100,8
163,2023-01-14,Alimentos,10,10,100,1
175,2023-04-15,Alimentos,10,10,100,4
188,2023-06-29,Alimentos,10,10,100,6
229,2023-09-26,Alimentos,10,10,100,9
314,2023-02-23,Alimentos,10,10,100,2
335,2023-07-10,Alimentos,10,10,100,7
347,2023-12-12,Alimentos,10,10,100,12
356,2023-10-28,Alimentos,10,10,100,10
361,2023-06-29,Alimentos,10,10,100,6
366,2023-07-11,Alimentos,10,10,100,7
419,2023-10-05,Alimentos,10,10,100,10
441,2023-07-28,Alimentos,10,10,100,7
453,2023-09-07,Alimentos,10,10,100,9
464,2023-03-21,Alimentos,10,10,100,3
765,2023-04-18,Alimentos,10,10,100,4
776,2023-09-19,Alimentos,10,10,100,9
785,2023-08-27,Alimentos,10,10,100,8
815,2023-12-23,Alimentos,10,10,100,12
819,2023-09-05,Alimentos,10,10,100,9
825,2023-11-29,Alimentos,10,10,100,11
827,2023-10-25,Alimentos,10,10,100,10
918,2023-03-30,Alimentos,10,10,100,3
989,2023-12-06,Alimentos,10,10,100,12
18,2023-01-20,Alimentos,9,10,90,1
58,2023-08-04,Alimentos,9,10,90,8
105,2023-01-09,Alimentos,9,10,90,1
304,2023-12-13,Alimentos,9,10,90,12
321,2023-12-28,Alimentos,9,10,90,12
373,2023-11-03,Alimentos,9,10,90,11
378,2023-06-18,Alimentos,9,10,90,6
406,2023-06-11,Alimentos,9,10,90,6
429,2023-06-24,Alimentos,9,10,90,6
440,2023-02-17,Alimentos,9,10,90,2
497,2023-10-07,Alimentos,9,10,90,10
655,2023-05-22,Alimentos,9,10,90,5
666,2023-08-31,Alimentos,9,10,90,8
698,2023-04-25,Alimentos,9,10,90,4
713,2023-11-22,Alimentos,9,10,90,11
723,2023-12-18,Alimentos,9,10,90,12
792,2023-09-28,Alimentos,9,10,90,9
800,2023-06-17,Alimentos,9,10,90,6
806,2023-06-22,Alimentos,9,10,90,6
878,2023-01-27,Alimentos,9,10,90,1
922,2023-12-07,Alimentos,9,10,90,12
953,2023-08-29,Alimentos,9,10,90,8
969,2023-05-12,Alimentos,9,10,90,5
993,2023-08-12,Alimentos,9,10,90,8
1001,2023-08-14,Alimentos,9,10,90,8
1034,2023-03-22,Alimentos,9,10,90,3
24,2023-09-13,Alimentos,8,10,80,9
80,2023-05-03,Alimentos,8,10,80,5
99,2023-01-05,Alimentos,8,10,80,1
177,2023-07-01,Alimentos,8,10,80,7
184,2023-08-19,Alimentos,8,10,80,8
277,2023-02-07,Alimentos,8,10,80,2
316,2023-02-12,Alimentos,8,10,80,2
362,2023-04-29,Alimentos,8,10,80,4
422,2023-10-26,Alimentos,8,10,80,10
498,2023-04-10,Alimentos,8,10,80,4
528,2023-10-29,Alimentos,8,10,80,10
554,2023-05-26,Alimentos,8,10,80,5
568,2023-01-31,Alimentos,8,10,80,1
594,2023-08-31,Alimentos,8,10,80,8
619,2023-06-12,Alimentos,8,10,80,6
689,2023-05-10,Alimentos,8,10,80,5
716,2023-08-21,Alimentos,8,10,80,8
747,2023-03-27,Alimentos,8,10,80,3
829,2023-05-21,Alimentos,8,10,80,5
836,2023-03-11,Alimentos,8,10,80,3
867,2023-01-03,Alimentos,8,10,80,1
891,2023-09-27,Alimentos,8,10,80,9
938,2023-05-25,Alimentos,8,10,80,5
941,2023-10-31,Alimentos,8,10,80,10
997,2023-08-21,Alimentos,8,10,80,8
1017,2023-04-29,Alimentos,8,10,80,4
130,2023-07-18,Alimentos,7,10,70,7
150,2023-09-17,Alimentos,7,10,70,9
152,2023-10-24,Alimentos,7,10,70,10
159,2023-08-13,Alimentos,7,10,70,8
185,2023-11-22,Alimentos,7,10,70,11
242,2023-10-05,Alimentos,7,10,70,10
247,2023-07-12,Alimentos,7,10,70,7
284,2023-11-29,Alimentos,7,10,70,11
434,2023-07-07,Alimentos,7,10,70,7
450,2023-09-08,Alimentos,7,10,70,9
520,2023-05-29,Alimentos,7,10,70,5
624,2023-03-19,Alimentos,7,10,70,3
633,2023-02-07,Alimentos,7,10,70,2
674,2023-06-14,Alimentos,7,10,70,6
846,2023-05-11,Alimentos,7,10,70,5
876,2023-08-10,Alimentos,7,10,70,8
901,2023-02-02,Alimentos,7,10,70,2
911,2023-08-31,Alimentos,7,10,70,8
974,2023-05-04,Alimentos,7,10,70,5
16,2023-06-05,Alimentos,6,10,60,6
43,2023-04-11,Alimentos,6,10,60,4
46,2023-05-04,Alimentos,6,10,60,5
110,2023-12-11,Alimentos,6,10,60,12
195,2023-05-21,Alimentos,6,10,60,5
235,2023-07-14,Alimentos,6,10,60,7
285,2023-08-12,Alimentos,6,10,60,8
319,2023-04-11,Alimentos,6,10,60,4
350,2023-09-06,Alimentos,6,10,60,9
381,2023-05-15,Alimentos,6,10,60,5
421,2023-03-31,Alimentos,6,10,60,3
437,2023-11-05,Alimentos,6,10,60,11
496,2023-10-31,Alimentos,6,10,60,10
652,2023-02-04,Alimentos,6,10,60,2
748,2023-06-25,Alimentos,6,10,60,6
778,2023-03-05,Alimentos,6,10,60,3
799,2023-08-11,Alimentos,6,10,60,8
816,2023-12-10,Alimentos,6,10,60,12
859,2023-04-26,Alimentos,6,10,60,4
916,2023-01-11,Alimentos,6,10,60,1
990,2023-09-11,Alimentos,6,10,60,9
1026,2023-07-31,Alimentos,6,10,60,7
126,2023-03-05,Alimentos,5,10,50,3
151,2023-02-05,Alimentos,5,10,50,2
158,2023-07-17,Alimentos,5,10,50,7
199,2023-04-10,Alimentos,5,10,50,4
279,2023-09-13,Alimentos,5,10,50,9
289,2023-07-21,Alimentos,5,10,50,7
320,2023-12-03,Alimentos,5,10,50,12
372,2023-08-17,Alimentos,5,10,50,8
416,2023-03-23,Alimentos,5,10,50,3
502,2023-11-13,Alimentos,5,10,50,11
575,2023-04-01,Alimentos,5,10,50,4
676,2023-08-07,Alimentos,5,10,50,8
793,2023-08-30,Alimentos,5,10,50,8
794,2023-01-08,Alimentos,5,10,50,1
820,2023-02-20,Alimentos,5,10,50,2
862,2023-01-16,Alimentos,5,10,50,1
1040,2023-05-02,Alimentos,5,10,50,5
3,2023-10-04,Alimentos,4,10,40,10
44,2023-10-20,Alimentos,4,10,40,10
181,2023-02-03,Alimentos,4,10,40,2
274,2023-07-14,Alimentos,4,10,40,7
358,2023-02-19,Alimentos,4,10,40,2
375,2023-07-20,Alimentos,4,10,40,7
445,2023-10-09,Alimentos,4,10,40,10
485,2023-11-23,Alimentos,4,10,40,11
540,2023-08-09,Alimentos,4,10,40,8
693,2023-05-08,Alimentos,4,10,40,5
701,2023-05-08,Alimentos,4,10,40,5
706,2023-03-31,Alimentos,4,10,40,3
711,2023-04-28,Alimentos,4,10,40,4
734,2023-12-09,Alimentos,4,10,40,12
736,2023-12-10,Alimentos,4,10,40,12
755,2023-11-01,Alimentos,4,10,40,11
757,2023-04-01,Alimentos,4,10,40,4
857,2023-10-23,Alimentos,4,10,40,10
890,2023-06-16,Alimentos,4,10,40,6
897,2023-05-04,Alimentos,4,10,40,5
920,2023-04-29,Alimentos,4,10,40,4
921,2023-02-05,Alimentos,4,10,40,2
964,2023-09-14,Alimentos,4,10,40,9
973,2023-05-23,Alimentos,4,10,40,5
12,2023-11-21,Alimentos,3,10,30,11
117,2023-10-12,Alimentos,3,10,30,10
302,2023-05-02,Alimentos,3,10,30,5
309,2023-02-10,Alimentos,3,10,30,2
374,2023-01-01,Alimentos,3,10,30,1
481,2023-05-26,Alimentos,3,10,30,5
512,2023-12-04,Alimentos,3,10,30,12
516,2023-04-12,Alimentos,3,10,30,4
521,2023-12-02,Alimentos,3,10,30,12
525,2023-04-11,Alimentos,3,10,30,4
608,2023-03-08,Alimentos,3,10,30,3
650,2023-07-17,Alimentos,3,10,30,7
702,2023-06-19,Alimentos,3,10,30,6
703,2023-04-20,Alimentos,3,10,30,4
719,2023-08-08,Alimentos,3,10,30,8
727,2023-04-21,Alimentos,3,10,30,4
892,2023-06-05,Alimentos,3,10,30,6
907,2023-12-19,Alimentos,3,10,30,12
1047,2023-11-07,Alimentos,3,10,30,11
10,2023-09-12,Alimentos,2,10,20,9
13,2023-05-27,Alimentos,2,10,20,5
108,2023-03-05,Alimentos,2,10,20,3
165,2023-06-01,Alimentos,2,10,20,6
204,2023-10-01,Alimentos,2,10,20,10
206,2023-07-03,Alimentos,2,10,20,7
252,2023-05-01,Alimentos,2,10,20,5
472,2023-05-13,Alimentos,2,10,20,5
592,2023-10-04,Alimentos,2,10,20,10
637,2023-08-28,Alimentos,2,10,20,8
728,2023-11-20,Alimentos,2,10,20,11
795,2023-08-05,Alimentos,2,10,20,8
858,2023-11-30,Alimentos,2,10,20,11
863,2023-09-24,Alimentos,2,10,20,9
932,2023-01-01,Alimentos,2,10,20,1
954,2023-08-20,Alimentos,2,10,20,8
957,2023-08-19,Alimentos,2,10,20,8
972,2023-07-23,Alimentos,2,10,20,7
979,2023-01-10,Alimentos,2,10,20,1
995,2023-04-27,Alimentos,2,10,20,4
1003,2023-11-09,Alimentos,2,10,20,11
20,2023-11-21,Alimentos,1,10,10,11
32,2023-06-01,Alimentos,1,10,10,6
56,2023-11-11,Alimentos,1,10,10,11
209,2023-04-03,Alimentos,1,10,10,4
291,2023-05-17,Alimentos,1,10,10,5
310,2023-06-13,Alimentos,1,10,10,6
313,2023-02-07,Alimentos,1,10,10,2
328,2023-12-03,Alimentos,1,10,10,12
363,2023-11-11,Alimentos,1,10,10,11
389,2023-09-05,Alimentos,1,10,10,9
393,2023-11-27,Alimentos,1,10,10,11
427,2023-03-18,Alimentos,1,10,10,3
455,2023-11-30,Alimentos,1,10,10,11
505,2023-05-27,Alimentos,1,10,10,5
590,2023-06-27,Alimentos,1,10,10,6
629,2023-04-27,Alimentos,1,10,10,4
632,2023-09-02,Alimentos,1,10,10,9
678,2023-01-21,Alimentos,1,10,10,1
746,2023-07-20,Alimentos,1,10,10,7
753,2023-10-21,Alimentos,1,10,10,10
826,2023-04-03,Alimentos,1,10,10,4
839,2023-05-17,Alimentos,1,10,10,5
843,2023-11-26,Alimentos,1,10,10,11
875,2023-09-27,Alimentos,1,10,10,9
1030,2023-03-27,Alimentos,1,10,10,3
